UserID,Email,Alias,Name,Age,CreatedAt,DeletedAt,isAdmin
1,lwildes0@addtoany.com,lwildes0,Luisa Wildes,58,5/30/2025,,TRUE
2,etabbernor1@sciencedaily.com,etabbernor1,Ezequiel Tabbernor,52,11/10/2024,,FALSE
3,mattrill2@printfriendly.com,mattrill2,Mariel Attrill,39,1/30/2022,,FALSE
4,dblackborne3@prnewswire.com,dblackborne3,Ddene Blackborne,26,9/23/2022,,TRUE
5,jpennazzi4@wp.com,jpennazzi4,Jada Pennazzi,41,2/23/2020,,FALSE
6,ahasell5@icio.us,ahasell5,Alfonso Hasell,34,6/3/2020,,FALSE
7,sfetter6@salon.com,sfetter6,Sherlocke Fetter,23,5/4/2021,,FALSE
8,mpetracek7@buzzfeed.com,mpetracek7,Marty Petracek,28,8/30/2022,,TRUE
9,kspeakman8@aboutads.info,kspeakman8,Krystalle Speakman,50,9/24/2021,,TRUE
10,olewing9@acquirethisname.com,olewing9,Othella Lewing,39,7/9/2023,,TRUE
11,yhaquarda@desdev.cn,yhaquarda,Yevette Haquard,30,11/14/2020,,TRUE
12,tswattenb@surveymonkey.com,tswattenb,Teirtza Swatten,29,12/18/2022,,FALSE
13,rkerfootc@uiuc.edu,rkerfootc,Reeta Kerfoot,67,9/25/2025,,TRUE
14,nduminid@google.pl,nduminid,Nelia Dumini,60,11/24/2021,,FALSE
15,fsoustere@dot.gov,fsoustere,Franky Souster,30,1/4/2022,,FALSE
16,btruderf@sogou.com,btruderf,Brandy Truder,20,11/12/2022,,TRUE
17,mcumberledgeg@posterous.com,mcumberledgeg,Micheal Cumberledge,24,11/10/2023,,TRUE
18,pconenh@thetimes.co.uk,pconenh,Pammi Conen,57,12/14/2025,,FALSE
19,lblamphini@accuweather.com,lblamphini,Lianne Blamphin,61,10/6/2022,,TRUE
20,lfeyerj@example.com,lfeyerj,Lorenzo Feyer,44,6/18/2024,,FALSE
21,crichk@thetimes.co.uk,crichk,Christian Rich,27,12/3/2022,,FALSE
22,arookesbyl@bizjournals.com,arookesbyl,Angela Rookesby,19,5/11/2022,,FALSE
23,ddeverillem@bluehost.com,ddeverillem,Davida Deverille,48,11/21/2021,,TRUE
24,rdavioudn@yahoo.com,rdavioudn,Rowen Davioud,28,4/9/2021,,FALSE
25,mrossio@reddit.com,mrossio,Marcelo Rossi,57,3/25/2025,,FALSE
26,elongbottomp@booking.com,elongbottomp,Eada Longbottom,67,11/23/2024,,FALSE
27,bfredyq@dailymail.co.uk,bfredyq,Booth Fredy,21,7/22/2020,,FALSE
28,rlouisetr@linkedin.com,rlouisetr,Rhea Louiset,25,12/29/2022,,TRUE
29,ekerns@networksolutions.com,ekerns,Ellene Kern,70,6/5/2021,,TRUE
30,aholwortht@t.co,aholwortht,Ari Holworth,29,7/24/2022,,FALSE
31,gmcsherryu@wordpress.com,gmcsherryu,Grace McSherry,56,3/17/2024,,FALSE
32,erickardv@sciencedirect.com,erickardv,Eda Rickard,30,1/5/2022,,TRUE
33,ntomasinow@tripadvisor.com,ntomasinow,Neale Tomasino,68,9/27/2025,,FALSE
34,dwhorlowx@mit.edu,dwhorlowx,Dorotea Whorlow,23,9/12/2022,,TRUE
35,jcowlamy@pen.io,jcowlamy,Jodi Cowlam,32,10/19/2025,,FALSE
36,kjexz@house.gov,kjexz,Kata Jex,25,5/11/2025,,TRUE
37,madolfson10@google.ru,madolfson10,Martino Adolfson,19,8/3/2022,,TRUE
38,gdrust11@sciencedirect.com,gdrust11,George Drust,66,11/30/2024,,TRUE
39,edaal12@yellowbook.com,edaal12,Ethyl Daal,55,3/11/2020,,TRUE
40,sivantyev13@trellian.com,sivantyev13,Shanon Ivantyev,58,3/18/2021,,TRUE
41,msmallcomb14@prweb.com,msmallcomb14,Marthe Smallcomb,34,12/25/2020,,FALSE
42,ehofton15@java.com,ehofton15,Eartha Hofton,64,9/15/2024,,TRUE
43,jwretham16@nyu.edu,jwretham16,Jolene Wretham,25,1/11/2020,,FALSE
44,dbenediktsson17@japanpost.jp,dbenediktsson17,Dun Benediktsson,27,3/4/2022,,TRUE
45,ugrowden18@dedecms.com,ugrowden18,Ursulina Growden,34,1/11/2020,,TRUE
46,bhachette19@yahoo.co.jp,bhachette19,Beatrice Hachette,26,2/22/2021,,TRUE
47,cbotte1a@bigcartel.com,cbotte1a,Clarance Botte,58,3/21/2020,,TRUE
48,vrosenfelt1b@umich.edu,vrosenfelt1b,Vanni Rosenfelt,30,1/7/2024,,TRUE
49,adislee1c@so-net.ne.jp,adislee1c,Ameline Dislee,43,9/10/2022,,FALSE
50,cpobjay1d@mapquest.com,cpobjay1d,Cecilio Pobjay,33,4/6/2022,,FALSE
51,fblankman1e@goo.ne.jp,fblankman1e,Farra Blankman,30,1/1/2020,,FALSE
52,kbrahan1f@skyrock.com,kbrahan1f,Kris Brahan,20,3/13/2025,,TRUE
53,tcogdell1g@surveymonkey.com,tcogdell1g,Tiertza Cogdell,40,2/10/2024,,FALSE
54,arippin1h@nifty.com,arippin1h,Aigneis Rippin,52,8/4/2024,,TRUE
55,sculpen1i@time.com,sculpen1i,Smitty Culpen,53,9/21/2022,,FALSE
56,ctomson1j@wikimedia.org,ctomson1j,Concordia Tomson,30,2/4/2022,,FALSE
57,mparkman1k@java.com,mparkman1k,Mal Parkman,42,8/17/2024,,TRUE
58,hbrunskill1l@newsvine.com,hbrunskill1l,Hewitt Brunskill,69,10/8/2021,,FALSE
59,hgunnell1m@java.com,hgunnell1m,Holly Gunnell,47,10/30/2025,,TRUE
60,smallan1n@nyu.edu,smallan1n,Starlin Mallan,48,4/14/2020,,FALSE
61,smcnuff1o@etsy.com,smcnuff1o,Sabine McNuff,56,1/14/2023,,FALSE
62,fseemmonds1p@skyrock.com,fseemmonds1p,Fransisco Seemmonds,62,3/29/2024,,FALSE
63,vlott1q@oracle.com,vlott1q,Valle Lott,63,2/17/2025,,FALSE
64,ahuntington1r@seesaa.net,ahuntington1r,Alessandra Huntington,38,9/22/2023,,FALSE
65,mblackstone1s@psu.edu,mblackstone1s,Mahala Blackstone,49,10/27/2020,,TRUE
66,tbello1t@buzzfeed.com,tbello1t,Tasia Bello,42,5/4/2023,,FALSE
67,mroffey1u@cloudflare.com,mroffey1u,Meris Roffey,54,1/30/2020,,TRUE
68,rdrissell1v@china.com.cn,rdrissell1v,Rhonda Drissell,34,5/4/2022,,FALSE
69,jkhristyukhin1w@pcworld.com,jkhristyukhin1w,Jeth Khristyukhin,70,1/13/2024,,TRUE
70,jtweedlie1x@theglobeandmail.com,jtweedlie1x,Jourdan Tweedlie,23,7/17/2021,,FALSE
71,abeames1y@bravesites.com,abeames1y,Annabel Beames,66,2/18/2022,,TRUE
72,vclulee1z@amazon.com,vclulee1z,Victoria Clulee,28,10/7/2023,,TRUE
73,gconnaughton20@google.pl,gconnaughton20,Glynnis Connaughton,34,11/23/2023,,FALSE
74,lkrzyzowski21@yandex.ru,lkrzyzowski21,Lorena Krzyzowski,61,6/12/2020,,TRUE
75,ko22@whitehouse.gov,ko22,Keir O' Byrne,64,1/27/2021,,TRUE
76,tstruijs23@baidu.com,tstruijs23,Tate Struijs,56,8/1/2025,,TRUE
77,wgrassin24@dropbox.com,wgrassin24,Winston Grassin,45,1/5/2022,,TRUE
78,tgladden25@goo.gl,tgladden25,Thedrick Gladden,65,9/4/2022,,FALSE
79,vandrat26@cbsnews.com,vandrat26,Vivyan Andrat,60,10/23/2020,,FALSE
80,elightbown27@merriam-webster.com,elightbown27,Emelina Lightbown,30,5/27/2020,,TRUE
81,hadriani28@canalblog.com,hadriani28,Heddie Adriani,56,1/21/2024,,TRUE
82,vdalmon29@google.pl,vdalmon29,Valentin Dalmon,19,12/16/2022,,TRUE
83,fmclane2a@tmall.com,fmclane2a,Florella McLane,51,11/9/2022,,FALSE
84,pmackeeg2b@telegraph.co.uk,pmackeeg2b,Pippa MacKeeg,35,5/4/2020,,TRUE
85,gpolak2c@harvard.edu,gpolak2c,Gayle Polak,22,10/9/2023,,TRUE
86,pfeehan2d@npr.org,pfeehan2d,Portie Feehan,35,3/14/2023,,FALSE
87,gshorey2e@archive.org,gshorey2e,Gerrard Shorey,70,4/6/2021,,TRUE
88,ckunat2f@canalblog.com,ckunat2f,Cathrine Kunat,36,6/21/2024,,TRUE
89,cacors2g@joomla.org,cacors2g,Cora Acors,51,8/14/2020,,FALSE
90,rknock2h@youku.com,rknock2h,Rollo Knock,51,4/24/2021,,TRUE
91,dberk2i@hhs.gov,dberk2i,Dorey Berk,49,4/3/2022,,FALSE
92,fattreed2j@youtu.be,fattreed2j,Frankie Attreed,19,11/19/2022,,FALSE
93,ggerbel2k@nature.com,ggerbel2k,Goober Gerbel,45,9/2/2024,,TRUE
94,ahallowes2l@dailymail.co.uk,ahallowes2l,Allan Hallowes,38,6/24/2020,,TRUE
95,jpasticznyk2m@washington.edu,jpasticznyk2m,Janka Pasticznyk,64,12/9/2025,,FALSE
96,vksandra2n@yellowbook.com,vksandra2n,Verine Ksandra,46,11/13/2022,,TRUE
97,broycroft2o@utexas.edu,broycroft2o,Brook Roycroft,61,5/6/2023,,TRUE
98,hjanoschek2p@comsenz.com,hjanoschek2p,Harley Janoschek,68,2/19/2024,,FALSE
99,maires2q@twitter.com,maires2q,Maureene Aires,49,5/1/2020,,TRUE
100,lgobel2r@indiatimes.com,lgobel2r,Lenci Gobel,51,6/12/2021,,FALSE
101,njacop2s@shareasale.com,njacop2s,Nanete Jacop,37,11/30/2023,,TRUE
102,mlievesley2t@tripod.com,mlievesley2t,Maynord Lievesley,50,2/26/2022,,FALSE
103,bunwins2u@alexa.com,bunwins2u,Bernadine Unwins,22,10/14/2020,,FALSE
104,aphillott2v@mediafire.com,aphillott2v,Abigail Phillott,25,1/14/2022,,TRUE
105,ascotchmor2w@yellowpages.com,ascotchmor2w,Ailbert Scotchmor,55,7/3/2025,,TRUE
106,gmechic2x@prweb.com,gmechic2x,Gwendolin Mechic,40,12/2/2020,,FALSE
107,rmillington2y@blogs.com,rmillington2y,Rosanne Millington,48,5/9/2023,,TRUE
108,iquayle2z@issuu.com,iquayle2z,Ingram Quayle,61,7/11/2022,,FALSE
109,swattinham30@ibm.com,swattinham30,Sammy Wattinham,50,2/17/2022,,TRUE
110,wfawdery31@mapquest.com,wfawdery31,Wernher Fawdery,41,6/21/2020,,TRUE
